{
  "version": 2,
  "name": "integre-rh",
  "builds": [
    {
      "src": "package.json",
      "use": "@vercel/static-build",
      "config": {
        "distDir": "dist"
      }
    },
    {
      "src": "server/index.ts",
      "use": "@vercel/node"
    }
  ],
  "routes": [
    {
      "src": "/api/(.*)",
      "dest": "/server/index.ts"
    },
    {
      "src": "/(.*)",
      "dest": "/dist/$1"
    }
  ],
  "functions": {
    "server/index.ts": {
      "includeFiles": "server/**"
    }
  },
  "env": {
    "NODE_ENV": "production"
  },
  "headers": [
    {
      "source": "/(.*)",
      "headers": [
        {
          "key": "X-Content-Type-Options",
          "value": "nosniff"
        },
        {
          "key": "X-Frame-Options",
          "value": "DENY"
        },
        {
          "key": "X-XSS-Protection",
          "value": "1; mode=block"
        },
        {
          "key": "Referrer-Policy",
          "value": "strict-origin-when-cross-origin"
        },
        {
          "key": "Permissions-Policy",
          "value": "camera=(), microphone=(), geolocation=()"
        }
      ]
    }
  ],
  "redirects": [
    {
      "source": "/admin",
      "destination": "/dashboard",
      "permanent": false
    }
  ],
  "rewrites": [
    {
      "source": "/api/(.*)",
      "destination": "/server/index.ts"
    }
  ],
  "crons": [
    {
      "path": "/api/cleanup",
      "schedule": "0 2 * * *"
    }
  ]
}